{"version":6,"validation":{"int8":{"confusion_matrix":[[157,21,1,11,29],[22,167,0,2,8],[0,3,188,15,0],[3,0,18,424,2],[46,5,2,9,149]],"classification_report":{"0":{"precision":0.6885964912280702,"recall":0.7168949771689498,"f1-score":0.7024608501118569,"support":219},"1":{"precision":0.8520408163265306,"recall":0.8391959798994975,"f1-score":0.8455696202531645,"support":199},"2":{"precision":0.8995215311004785,"recall":0.912621359223301,"f1-score":0.9060240963855423,"support":206},"3":{"precision":0.9197396963123644,"recall":0.9485458612975392,"f1-score":0.933920704845815,"support":447},"4":{"precision":0.7925531914893617,"recall":0.7061611374407583,"f1-score":0.7468671679197995,"support":211},"accuracy":0.8463338533541341,"macro avg":{"precision":0.830490345291361,"recall":0.8246838630060092,"f1-score":0.8269684879032356,"support":1282},"weighted avg":{"precision":0.845563617075279,"recall":0.8463338533541341,"f1-score":0.8453976380323363,"support":1282}},"roc_auc":0.9724923567276132,"loss":0.4338910119395554,"support":1282,"weighted_average":{"precision":0.845563617075279,"recall":0.8463338533541341,"f1-score":0.8453976380323363},"class_names":["Concrete","Obstacles","Thick-carpet2","Thin-carpet","Wood"]},"float32":{"confusion_matrix":[[152,23,0,12,32],[21,169,0,2,7],[0,3,189,13,1],[2,0,14,429,2],[44,3,2,8,154]],"classification_report":{"0":{"precision":0.6940639269406392,"recall":0.6940639269406392,"f1-score":0.6940639269406392,"support":219},"1":{"precision":0.8535353535353535,"recall":0.8492462311557789,"f1-score":0.8513853904282117,"support":199},"2":{"precision":0.9219512195121952,"recall":0.9174757281553398,"f1-score":0.9197080291970803,"support":206},"3":{"precision":0.9245689655172413,"recall":0.959731543624161,"f1-score":0.9418221734357848,"support":447},"4":{"precision":0.7857142857142857,"recall":0.7298578199052133,"f1-score":0.7567567567567566,"support":211},"accuracy":0.8525741029641186,"macro avg":{"precision":0.8359667502439428,"recall":0.8300750499562264,"f1-score":0.8327472553516945,"support":1282},"weighted avg":{"precision":0.8508919878665901,"recall":0.8525741029641186,"f1-score":0.8514475303520156,"support":1282}},"roc_auc":0.9730530825671077,"loss":0.3886865738687531,"support":1282,"weighted_average":{"precision":0.8508919878665901,"recall":0.8525741029641186,"f1-score":0.8514475303520156},"class_names":["Concrete","Obstacles","Thick-carpet2","Thin-carpet","Wood"]}},"test":{"int8":{"confusion_matrix":[[146,44,5,6,81],[59,187,4,7,25],[11,0,224,47,0],[5,0,9,268,0],[72,13,1,1,195]],"classification_report":{"0":{"precision":0.49829351535836175,"recall":0.5177304964539007,"f1-score":0.5078260869565216,"support":282},"1":{"precision":0.7663934426229508,"recall":0.6631205673758865,"f1-score":0.7110266159695817,"support":282},"2":{"precision":0.9218106995884774,"recall":0.7943262411347518,"f1-score":0.8533333333333334,"support":282},"3":{"precision":0.8145896656534954,"recall":0.950354609929078,"f1-score":0.8772504091653028,"support":282},"4":{"precision":0.6478405315614618,"recall":0.6914893617021277,"f1-score":0.6689536878216125,"support":282},"accuracy":0.723404255319149,"macro avg":{"precision":0.7297855709569495,"recall":0.723404255319149,"f1-score":0.7236780266492703,"support":1410},"weighted avg":{"precision":0.7297855709569495,"recall":0.723404255319149,"f1-score":0.7236780266492704,"support":1410}},"roc_auc":0.9365449424073236,"loss":0.8729581276103706,"support":1410,"weighted_average":{"precision":0.7297855709569495,"recall":0.723404255319149,"f1-score":0.7236780266492704},"class_names":["Concrete","Obstacles","Thick-carpet2","Thin-carpet","Wood"]},"float32":{"confusion_matrix":[[143,42,7,5,85],[59,186,3,8,26],[13,0,221,48,0],[4,1,10,266,1],[71,12,1,0,198]],"classification_report":{"0":{"precision":0.49310344827586206,"recall":0.5070921985815603,"f1-score":0.4999999999999999,"support":282},"1":{"precision":0.7717842323651453,"recall":0.6595744680851063,"f1-score":0.7112810707456979,"support":282},"2":{"precision":0.9132231404958677,"recall":0.7836879432624113,"f1-score":0.8435114503816794,"support":282},"3":{"precision":0.8134556574923547,"recall":0.9432624113475178,"f1-score":0.8735632183908045,"support":282},"4":{"precision":0.6387096774193548,"recall":0.7021276595744681,"f1-score":0.6689189189189189,"support":282},"accuracy":0.7191489361702128,"macro avg":{"precision":0.7260552312097169,"recall":0.7191489361702127,"f1-score":0.7194549316874201,"support":1410},"weighted avg":{"precision":0.7260552312097168,"recall":0.7191489361702128,"f1-score":0.71945493168742,"support":1410}},"roc_auc":0.9377200593531512,"loss":0.6853014177573237,"support":1410,"weighted_average":{"precision":0.7260552312097168,"recall":0.7191489361702128,"f1-score":0.71945493168742},"class_names":["Concrete","Obstacles","Thick-carpet2","Thin-carpet","Wood"]}}}